File Name,Pre-compression Entropy,Post-compression Entropy
data/0052503c-2849-4f41-ab51-db382103690c.wav,5.776210,7.969627
data/006c6dd6-d91e-419c-9836-c3f320da4f25.wav,4.776265,7.944455
data/00d4f842-fc92-45f5-8cae-3effdc2245f5.wav,4.891163,7.949259
data/00dc461c-a60a-4d74-bf87-de4208f224ee.wav,5.093333,7.946098
data/0161dc01-ec36-4fe7-bbbc-1801586d28f7.wav,5.176733,7.966617
data/01671c57-4584-40cd-998d-c49b211e386c.wav,5.180815,7.953514
data/01f5f49e-287d-4734-be3a-863c10c0cf2e.wav,4.904772,7.939847
data/02365fe0-4e01-4e82-a9c8-ab97389f2217.wav,5.283727,7.951335
data/028a8e19-3e49-4fc0-a5df-5055bb98f1c7.wav,4.793626,7.953887
data/02d7e5f2-e647-462f-883d-a0cb1daa5503.wav,5.915965,7.948232
data/02fe1fea-4f23-4b10-ad93-903ebdf081d1.wav,5.025916,7.945274
data/030ac074-4f10-4260-b41c-253cf3bc88e0.wav,5.275380,7.944891
data/032a5ecb-f35c-4af5-964c-8f42cbcd9a41.wav,4.435488,7.945955
data/036b3893-f89c-4010-85b0-7e8089326d45.wav,4.486761,7.945605
data/03e83b0d-9940-4388-9310-bf11d90e474d.wav,5.705858,7.906780
data/03f3c8e1-df39-4f6e-906f-ba2c6b28e2b8.wav,6.455494,7.936685
data/04104401-4523-4f80-8976-056cd3ee661c.wav,4.408905,7.949469
data/04154ce4-b699-4a1d-a4fb-7068e07c00fa.wav,5.329464,7.934366
data/0458e9fc-6403-427e-afec-6a659104399a.wav,4.284103,7.954308
data/048c9205-bada-4bed-b466-30cca0ac5a59.wav,4.270115,7.961148
data/04d1c648-49c6-4b33-b290-3f829b9bf4f9.wav,6.180948,7.946759
data/051eee27-45b5-4bbe-812e-85e046ba043a.wav,5.492905,7.960367
data/055f3d08-6691-4eb8-8612-4140f654426f.wav,5.144561,7.943769
data/05fd1660-eee0-45cc-a924-9d58921190ff.wav,6.198255,7.947080
data/06469380-cf24-4288-80bd-f78b9499ef3f.wav,5.738524,7.927530
data/06bcf5af-fb5a-40a1-bf82-2499d8478c28.wav,4.207212,7.943139
data/06f283af-9867-4aa7-b97c-a60c6f795d17.wav,5.679970,7.952042
data/0765ff8f-98a1-4367-b846-3dd0a07a1176.wav,7.746465,7.959719
data/07c990a2-7775-428b-ad4b-3cf4a233d5f6.wav,4.708202,7.951978
data/0847e903-ffad-4196-86c3-298e0719e4fa.wav,5.646435,7.934672
data/08d069d4-366c-41aa-946b-eaa3eb8f9565.wav,4.437995,7.963157
data/08e1153c-1675-40f3-864d-5e93eb4c2134.wav,5.306702,7.939855
data/09b22add-5314-4416-8cca-b1744d8944b7.wav,4.463531,7.961228
data/0ab237b7-fb12-4687-afed-8d1e2070d621.wav,4.776515,7.954339
data/0aefe960-43fd-41cc-97c8-bf9d2d64efd3.wav,5.511261,7.943190
data/0b049a37-dc68-42f6-bbe5-d7d1cd699ccb.wav,5.065442,7.939598
data/0b4adf65-d666-4fa4-971f-6e7ed630d7fb.wav,4.393079,7.953962
data/0befa6a5-0c9b-44c6-93b8-eb6678045480.wav,6.239205,7.952438
data/0c3f4ca2-459d-4643-9b7b-a2c7ec378172.wav,5.976705,7.937648
data/0cc70045-605a-429f-90f3-a78b12f071a3.wav,4.414472,7.919652
data/0d08cc99-4ea4-4728-a3c3-6ba5631ee6f9.wav,5.778522,7.945667
data/0d4d9e06-e93c-4bb9-9ac0-517084f7ab18.wav,5.018601,7.936242
data/0d7c2b8b-8ae4-4288-9720-8402d737c1b5.wav,5.865972,7.954188
data/0e483848-ab61-4155-9a13-ed7668b2b956.wav,4.227866,7.949693
data/0e6689fb-4020-4972-8c33-d563b0ed4690.wav,5.203949,7.948026
data/0eab843a-5e03-469a-aafc-6d5d3af44714.wav,6.135942,7.958008
data/0ecaa518-44bb-472e-af0f-372321b2f05f.wav,4.933091,7.942344
data/0f5c8792-c7d4-4bb2-a750-89c9872abf50.wav,5.146109,7.956081
data/0fd63cb0-52db-4247-b9bb-eb511d0094d0.wav,5.374092,7.946224
data/0ff32e7e-47c6-44b4-821a-6ba3f5c6c00b.wav,5.437141,7.955708
data/102b47d9-371e-412a-8995-0dc6115ab2bb.wav,5.199849,7.945911
data/117d7c23-4a4f-40b9-83e4-b5cd26ba6e97.wav,4.664469,7.947644
data/11b6e1f9-70f4-41ec-9a22-d80b9d5894a2.wav,4.832244,7.943091
data/1243dd43-3312-4b5b-8bcb-d998c4da2241.wav,4.682428,7.944152
data/12445e49-2df0-4f57-80c0-10f2e2fef961.wav,4.671846,7.952974
data/14ec91ca-9d79-448e-a760-7ccbd2099820.wav,5.605690,7.929363
data/16ade36e-d993-4d65-8cfd-c5d94ceef5d3.wav,4.882583,7.946813
data/16c6d8eb-d79e-4f4e-954a-f2f1c4110264.wav,5.627549,7.962895
data/16fb787d-3d09-46fc-9560-ff82641112d2.wav,4.731508,7.964109
data/16fdea36-87b8-40a9-8d95-6ccf790837a1.wav,4.771909,7.963399
data/172741e6-a29e-45d4-81d0-e45d525fdeec.wav,4.467466,7.946696
data/174a80d5-dc29-4068-8108-39404d24a6fb.wav,4.431812,7.941960
data/178943a5-c3b3-48f6-9da6-c4b8047c6bf2.wav,5.402489,7.950833
data/17a7fd51-57f1-4948-988c-69ba8d4bf24b.wav,5.010186,7.948440
data/17dddbf0-b621-49e0-adaa-85cefd4a9478.wav,6.104396,7.925057
data/184d8ddc-e6ea-46df-abe6-193f03d94e5e.wav,4.201314,7.948443
data/18938028-59c1-401f-9aca-ae836d963335.wav,6.239553,7.950854
data/189fd9b7-d128-4d50-8448-e7d9a019c4f2.wav,5.304932,7.950915
data/18bd387e-7dbb-45e1-98f7-a0fa5b980d61.wav,6.947326,7.937427
data/199d55be-23a8-4230-90ef-36673a23a3bf.wav,5.454650,7.959286
data/1a971a8c-cb8d-48ef-aad2-f7258947726c.wav,5.241657,7.960978
data/1b517404-93f9-409f-9dca-18ff2e6d9885.wav,5.547208,7.941664
data/1b7285f1-2768-4979-93c1-045bb6236611.wav,5.132478,7.945940
data/1c276f5f-44f9-4ef4-843c-972e4c0c1ee3.wav,4.890807,7.954903
data/1c286f7b-612f-4883-934a-186859617a04.wav,4.580905,7.947513
data/1c37fd0e-1c6b-4d84-9108-1adbf8ae3f91.wav,4.871875,7.942323
data/1c6bf8b8-7bef-439d-ab17-cd338288e977.wav,4.126632,7.955464
data/1cd57a9e-f016-41c9-9b19-7e1326454de7.wav,4.686862,7.950558
data/1cf09880-83f7-4558-9a18-2b843408d622.wav,4.938100,7.945172
data/1d21e7b7-5eb9-42b0-a576-d6dff31c001c.wav,6.052788,7.949881
data/1db81462-4597-4cee-846b-b5cc0940bcf9.wav,5.313280,7.951563
data/1dfc692a-71e4-4240-a804-4ccd9d1357e1.wav,5.992462,7.942962
data/1e71f8d8-bae0-4970-929a-58e77df87103.wav,4.565279,7.943878
data/1fb45d27-5f79-4e5f-9b4f-11adf77bd495.wav,5.742892,7.936026
data/20093702-4470-4eb8-94ed-1ef923726ba1.wav,5.871203,7.950331
data/20203eb1-e45d-41c3-bba2-708c96f143bb.wav,4.856595,7.935962
data/20824c82-39cf-47f1-a71a-9d61e0f3601a.wav,4.278421,7.954988
data/209648c9-c6c6-4b87-b44b-20b29744da99.wav,4.424105,7.941042
data/212cc3ec-d36c-4437-accb-e75b03ea5849.wav,5.137158,7.944760
data/2140cbd0-ee0b-4566-9bad-f100b5b7f6b8.wav,5.328521,7.941549
data/214224f7-01e9-4b3a-9e12-55fc5706ea41.wav,5.153018,7.951249
data/218db45e-3818-469d-8eeb-4c35e39f63c1.wav,4.373580,7.962709
data/21971bfe-11e5-4b1b-a213-2d963f41a30a.wav,5.643060,7.942664
data/21b7260c-4054-4a67-983c-bb8c3c98fc98.wav,4.714082,7.959189
data/21d49517-5a31-43d1-bb5f-433b2951b7d1.wav,5.741871,7.952457
data/227ddafb-452b-4255-8ace-433872cac40b.wav,5.756570,7.956672
data/234d006b-0101-4228-95a4-7540525d2ebc.wav,5.470005,7.950813
data/23b3073f-3fa5-481a-a950-27df33e4d878.wav,4.741415,7.949650
data/23d11475-3e3d-446f-9fdb-58c7ea7c8166.wav,5.469509,7.941191
data/23f0c651-a0db-4f7a-89f4-acd2c35e04dc.wav,5.935214,7.935832
data/24104b38-32fb-486a-a0a9-a964d6699b9d.wav,4.553916,7.960624
data/242413fd-ddff-4a06-9b36-a373566e6e45.wav,5.035476,7.956374
data/2458a5be-c274-4fd3-82f6-4617caeaeb14.wav,4.409944,7.953144
data/2458b656-86a4-41d8-92c3-4c7c59ad5785.wav,5.013399,7.958863
data/24bc203a-0fe0-4b44-8c9b-982404799344.wav,4.754322,7.954135
data/254000d9-9fd8-43a0-a561-c81a6feee649.wav,5.726284,7.932544
data/25ad5045-179a-4b20-a0a6-9d3ab35c476c.wav,5.007032,7.957807
data/25c532c4-1494-47a4-901e-5fcea3492038.wav,5.654195,7.951108
data/25f747d9-8619-4bac-9cdf-2e6979ae338b.wav,5.141927,7.950086
data/25f79305-22a6-49f2-8c9b-0a0e9ef5d539.wav,4.697618,7.956167
data/26205e98-f416-4cf4-81c3-adcb646fffb8.wav,4.389460,7.941257
data/26b2ca81-4399-4fa9-80e0-7fbb3988d784.wav,5.982789,7.939265
data/2764192e-4ba8-49c1-848f-608b6d7c642d.wav,6.713519,7.961662
data/28cd0f1e-bc90-46ac-8f09-56fe0a7a7937.wav,4.998290,7.953042
data/2908e5a8-7668-43ed-a5be-caa2822f52ba.wav,4.675069,7.955014
data/29624bf2-8cf6-404f-934f-7824ec420544.wav,4.533311,7.950751
data/2985450f-b117-4a49-adb1-73a7a0118505.wav,4.959788,7.956403
data/2a42a79d-af6e-4d60-bf4f-672e99dd90d8.wav,5.006155,7.959969
data/2a661247-dfa0-42b2-9d0a-a5925ac8735a.wav,4.511641,7.949051
data/2b1627e1-85a5-4155-ba52-4400e036b034.wav,5.192503,7.946272
data/2b3fa930-47b0-4358-8971-3dcd9c8fd0c1.wav,5.366361,7.975819
data/2b883101-d7fc-482d-8566-8a61f7338ab3.wav,4.512976,7.949432
data/2c64a381-8d2c-416c-bc75-ed47ec9eeba3.wav,5.468325,7.963555
data/2c96ae4e-9d50-4d68-8756-a27bfe524812.wav,5.575201,7.951159
data/2d8b941a-3ff9-41eb-917c-10fa16ebffee.wav,4.818478,7.939892
data/2d910bad-e8ae-4ef5-a080-bf7efde42adf.wav,4.139424,7.944314
data/2dab120f-5bc3-4c75-b49f-2a28fbd3a05a.wav,5.182635,7.951031
data/2daf7e7e-c634-4fa8-9c13-3b47e055ad48.wav,4.538461,7.947156
data/2e2725e5-c7ef-4ef7-9ec0-d24944e6d1d8.wav,5.255269,7.952241
data/2ed39ebf-8977-446b-a8c8-3e66bd4d4580.wav,4.528995,7.943915
data/2eef5d4d-93d1-4c0e-9d23-0989abaa34d0.wav,5.309004,7.945507
data/30179ac2-f5a7-436e-8393-651dcf8a5d7b.wav,4.879142,7.956316
data/30dee5fe-ded7-4978-9480-e40155e7b060.wav,5.524477,7.951872
data/312b2c93-0838-412d-b408-63c9cf74adf9.wav,5.751132,7.945111
data/3179ab62-2b34-456b-91b5-d9a99d4c78e8.wav,5.208250,7.966592
data/31827810-e5d6-4647-8d72-8d0fe63ce83e.wav,5.202441,7.944527
data/3191b268-0a7a-46d5-a801-0da511379469.wav,5.881728,7.946595
data/31df8ceb-a246-4e1c-a979-c871494e103c.wav,5.577891,7.947853
data/31fe1b06-79fa-41b2-9715-c4224d48fee8.wav,5.240042,7.942084
data/333f3c44-f06e-439b-b6d4-3f33272b6e00.wav,5.117406,7.955192
data/33a9bb59-ce20-4ed9-89ac-7946b67d92a8.wav,5.410943,7.941929
data/340b913e-7e0f-4f23-a5ae-1af2ca3f3e1e.wav,4.402558,7.918855
data/341618b8-0266-4e52-82eb-600096c3023c.wav,5.337611,7.956563
data/34ae1187-4f68-4844-a157-a4693c16177d.wav,5.147692,7.941414
data/34b4f683-c0d2-4c56-8ddd-9b9a9f0a0d79.wav,5.036769,7.960745
data/35c16396-67a4-4fba-bde1-5f8722b12ddd.wav,4.507768,7.957588
data/35e87469-6cc3-433d-bd79-0edc1d4810a5.wav,5.846507,7.970752
data/3688abd7-707b-4379-8dec-ccc0b42159d6.wav,5.960170,7.950375
data/3745a64f-9be1-41fb-975d-9c7c2baa0947.wav,4.711707,7.952598
data/37866662-764a-45d4-b3cf-d88efa70e5b3.wav,5.168727,7.938135
data/379784b2-8501-48c1-ae9c-9e0262e125b0.wav,4.923767,7.951641
data/37a896d0-6e9c-49cc-9eac-c203ed068617.wav,5.664986,7.936896
data/37cee1c9-1b71-4e99-9315-5f38e99e1485.wav,5.141884,7.947189
data/38007d3b-bf50-4e44-98f8-3c1afbfaf868.wav,5.519522,7.949120
data/3830d316-1af4-4496-be1a-553298450516.wav,4.096172,7.939725
data/3839f1aa-ccfc-4bff-afc5-0ed674403a66.wav,5.619284,7.945324
data/383e5327-6c55-4265-a30e-059837163598.wav,4.954062,7.955597
data/3864cbab-5e6d-40b1-bb5e-c130319c36a5.wav,4.784552,7.947827
data/388f0aab-1b82-4efa-83fd-a1f9d7440f70.wav,5.033514,7.956678
data/38fd9c77-fb75-4cd5-8f1b-c4ff26b86b28.wav,5.297200,7.951707
data/3952aa1a-7eac-483b-8203-5f857bf9af10.wav,4.529314,7.950828
data/3953a230-d130-40e9-9dc4-068dda9bcef1.wav,4.107604,7.933131
data/3960fcd4-393c-47c3-8935-892c1b0da34d.wav,4.409987,7.952555
data/39bb8054-e70c-48df-8b97-bda6f2c891e6.wav,5.672021,7.953052
data/39c865d0-a49f-4805-a993-32deb82d6c88.wav,4.620004,7.949667
data/3a791210-ecd6-40bd-8db1-c4b2e45d8669.wav,6.126276,7.947436
data/3ac7abb5-1e3e-4852-bfc8-e3f2875b765d.wav,5.363598,7.954960
data/3b20945b-04aa-4983-847d-608f9ee78679.wav,7.321757,7.986222
data/3b4cb9f3-4bf6-4e2e-a51e-8dae198dba3f.wav,6.443979,7.948487
data/3b66780e-d642-4e53-9a6f-85864ffb1aca.wav,6.081303,7.956860
data/3c1ab183-52ac-42fd-8cd1-6b2456ee6280.wav,4.868869,7.955523
data/3ca76236-cd0a-4745-a7b7-9274a70168e7.wav,5.936176,7.940620
data/3d46b865-fbc1-4052-b9f1-68f55ce9d187.wav,4.600659,7.950914
data/3daf2025-0d64-4e57-b27c-0f922bbcea9c.wav,5.620955,7.939328
data/3e2b974a-3e13-48f3-b2f7-40a0c18c838f.wav,5.559905,7.957047
data/3eea00c0-8df7-41cd-9bfb-c27d42156021.wav,5.348835,7.960649
data/3f203ef0-d1e3-4a88-859e-40b37287000a.wav,5.206957,7.947466
data/3fd3d38c-15e5-4206-86f3-62fe49ef323d.wav,5.467731,7.954953
data/40113ce6-baad-42dc-ba65-2203f5a8bf60.wav,5.446928,7.955371
data/4036d06b-fc56-47ca-8a2f-d7e1c3f3d9a0.wav,5.734313,7.950317
data/40b8ccac-db4f-4aee-a21e-5eb767c9b9a8.wav,5.017517,7.944042
data/414b9d5a-df01-49ea-a0f0-5cc297041bb9.wav,6.742278,7.984305
data/416c2b86-8d23-4d46-9fc8-12c736bca08e.wav,6.576658,7.970381
data/4281bfb9-ee31-49a7-8e1f-393b469b1a6c.wav,5.221365,7.953144
data/429f76f3-c417-457b-828a-a7915f60e0e7.wav,4.872768,7.958001
data/42b04847-a231-4e4f-adc8-506e6f7e30ad.wav,5.784617,7.946748
data/43619ffb-79ef-4d60-aaa7-928b2a143e51.wav,5.396365,7.940301
data/4370417a-1d30-4779-8b22-bbe5ca83db3b.wav,4.333174,7.946812
data/43758ea3-e5d2-4636-ad9c-ff5bfaa2914a.wav,6.090770,7.944712
data/43db69f8-b371-4b24-80e4-bff210ece512.wav,4.978207,7.957133
data/443ae2ae-ce86-4a10-aba1-bc0bb51b39f3.wav,5.004754,7.958782
data/44a67074-6d06-4087-9ec3-a5de75016aa8.wav,5.267757,7.946510
data/45988954-c1c3-45e4-911e-764fcab61a07.wav,6.461162,7.975858
data/460915c7-7a07-4feb-909f-e7bb1e4806c0.wav,4.519223,7.947949
data/4630b95e-f8d9-4842-b088-ccde4d2509eb.wav,4.349531,7.954207
data/46734a59-efbb-499b-b6cf-b41db37c9186.wav,5.005730,7.939892
data/47bcd211-fdd3-4b3d-81bb-72595dac9dc2.wav,5.431928,7.946191
data/4876213e-ca0c-4b88-9016-800da79fd8f9.wav,5.856200,7.926871
data/48dcc020-52eb-400b-8175-e8fe9a55d7ad.wav,5.079919,7.948489
data/4908392f-0e5b-41b7-9e1e-ccc9d6a60381.wav,5.828933,7.948759
data/497c142c-fa79-4261-95a6-447a1c8eab31.wav,6.652687,7.953114
data/49c14ec7-9402-4d5a-898c-e133fe1719a0.wav,4.573703,7.951193
data/4a0bf089-ab79-43e0-9a3d-caa48ad8b0af.wav,4.836185,7.929529
data/4aa5c35c-b298-428d-8918-7ab8f48b0493.wav,5.507746,7.940767
data/4ae27b8a-9a74-4c7e-97b6-aaf8d70c2c92.wav,4.709678,7.955068
data/4b3f685d-1f25-4004-9457-c992d2ffa647.wav,4.428010,7.944549
data/4b914037-3c4a-4b7f-b680-a3e642e52389.wav,4.340410,7.955536
data/4b96ef39-9af5-4fe7-82c7-658f9ed956e9.wav,5.034532,7.961946
data/4bece4b9-1c89-486e-9af6-8eae1e13e2e7.wav,4.855157,7.934014
data/4bf51d8a-4078-4c84-9dc5-36b384402d01.wav,4.212003,7.957861
data/4c769ab2-eb5f-4cb8-9ae8-fe0457335cbe.wav,4.744852,7.953163
data/4c949895-0947-455b-803d-74102b41e754.wav,5.259732,7.954207
data/4ca7206c-3224-445e-8d2f-831f75d7c90a.wav,5.434768,7.946805
data/4d4a9bf4-fe98-43be-81dd-230fc0646d58.wav,5.404034,7.952076
data/4d546855-4bbf-494c-bb06-ce51570c9c26.wav,4.908374,7.956443
data/4e712e8f-d37e-424b-97c9-7668064ffca9.wav,5.154986,7.948189
data/4ebd6952-60ae-448f-bbfa-539e130ba3b2.wav,5.265104,7.957341
data/4f517773-221f-47d1-b3f0-f4ad3a80a108.wav,5.490345,7.958536
data/4f7acf44-98d7-4fcc-9bd3-094d9c30d7dd.wav,6.430493,7.947797
data/4f9fb4d9-50ea-432f-ac30-9f597d6178df.wav,4.973717,7.956250
data/4fd22ca4-99f3-4b33-9510-ba32d4a2f46f.wav,5.586346,7.930853
data/4fd5d61c-1484-441c-8c3c-b5669d0e2292.wav,5.397901,7.942593
data/4fdc6242-e58b-4687-bd69-94e4aa83db0f.wav,4.884770,7.956932
data/4fee6085-6381-4bf6-becc-821ced6c321c.wav,4.215581,7.950545
data/50982b3e-3586-4f01-884e-fcfd9a1a2df4.wav,4.540387,7.948360
data/513466a6-2081-4b61-a9d9-db8f5c398dd9.wav,5.383733,7.951705
data/5180ddb3-fc5d-4924-9e94-3d1228c17e43.wav,5.695620,7.951330
data/51846093-43b0-4873-ba1a-ee503f3bdb9d.wav,5.652962,7.943637
data/51d333e5-823d-434d-b3bc-638aeed222b1.wav,5.624757,7.946953
data/52d00faf-9be7-4254-917c-8d4a3197a5db.wav,5.161217,7.952268
data/54c317db-4533-40d6-bef7-50b0bd4ba6eb.wav,5.116111,7.955874
data/54c6a6ff-c5e1-4aee-a8e9-3f47401459f9.wav,4.585499,7.954998
data/54e7c135-fb37-454a-aaba-073bc67e5894.wav,5.224063,7.945511
data/5540ae6d-b1c6-4c62-a03d-20ede2558afc.wav,7.784741,7.936497
data/55b06e93-7249-45c1-a567-77ca8324d080.wav,4.382968,7.949909
data/55c95e62-6ce1-459c-bf7e-057f40bb9dc9.wav,6.895779,7.968914
data/55fa663c-b545-4ede-8c73-acf1a7ba8c20.wav,5.180915,7.954674
data/5611ca15-4d92-4cef-8187-8b2db56521a2.wav,4.973460,7.956683
data/561fb19f-7fee-4994-9baf-d9aca4069498.wav,5.014118,7.950967
data/564cfa0a-4219-4bd4-8d92-ce59b3a70f11.wav,5.558769,7.956636
data/568629be-b80a-4edd-90db-e2a9115a240d.wav,5.501744,7.952635
data/56f9e1dd-5ffb-44a5-a5d4-75d7cdfe64d0.wav,4.346118,7.940502
data/572159e4-9c20-4dd8-a050-33e518102fde.wav,5.513471,7.955449
data/57421962-30e8-4ed6-b839-a409e3f50c7b.wav,5.764206,7.915569
data/57681b42-118a-4aef-a498-49b81b8b1cdb.wav,4.574659,7.953546
data/578f64cd-9855-4a4f-bd78-3bf446b64391.wav,4.835773,7.946080
data/583a820c-0ce6-44b0-8100-fe353ce6d3e1.wav,5.137658,7.947511
data/588528eb-20f7-453e-85a2-360ce53d5cb6.wav,5.446025,7.953897
data/58c8f69c-0a56-4579-bf29-c888362d855e.wav,5.925716,7.954042
data/58d4c0b5-a0ee-4eda-8d50-feeee7496aed.wav,5.457839,7.942285
data/591baa0f-bd41-49a7-a4b7-e94da179b2b2.wav,5.102585,7.947471
data/59bb0d7e-eb5f-4d56-8a26-21fd7809db2a.wav,5.326591,7.957150
data/59c3cf10-91ec-409b-9576-b106b58ad6bb.wav,5.112303,7.943136
data/5a8e8ab0-27ed-48b9-8c27-16a371c74a3f.wav,5.512207,7.950951
data/5b19872b-2741-448f-b07a-d50d47509308.wav,6.055588,7.951458
data/5b4d164d-2188-46b1-87d0-d14edf796a3b.wav,5.348544,7.950103
data/5b5da578-855f-4866-88b7-70ddcbe4f2a8.wav,4.451897,7.944349
data/5ba3a321-4aa8-4def-bedc-b800134a8a93.wav,5.591430,7.954437
data/5bf48169-b0bb-4aed-b870-928b1ec009bf.wav,5.021848,7.963764
data/5bfa0a02-0627-4ad8-a030-ac44924fe784.wav,5.293713,7.951379
data/5c07ae81-0e3f-4761-956f-3cad6ec422dd.wav,5.891812,7.959451
data/5c3164e9-2c4c-4226-99a0-d346718ace24.wav,5.386566,7.952672
data/5cb343b2-dfa2-42f8-82ea-948147a63020.wav,5.240317,7.950668
data/5cef007b-2979-46be-a3f5-a1efab9fd763.wav,5.376834,7.950769
data/5d57241d-83db-444f-ad3e-4ccee3f23373.wav,4.688212,7.946752
data/5e1df97c-6eee-4e6c-9ea5-0e5d228f3ea2.wav,6.487136,7.950467
data/5e4ba99a-cc6d-41f6-b1da-a53593522574.wav,5.150076,7.945525
data/5e5363b2-194e-433d-8165-e576b981873e.wav,5.651007,7.950817
data/5edf2908-7483-444c-b93b-9ae9beb155b1.wav,5.002534,7.958424
data/5f3e80dc-6e4f-4ced-a670-618955fc06ae.wav,4.863692,7.961033
data/5fd335ea-1259-4895-a540-06258f0fb69a.wav,4.770720,7.940248
data/5fd769b6-b7e4-4121-81ff-e42c45fb0648.wav,5.561166,7.950466
data/602dd674-c438-495d-83a7-23efaae6f8c0.wav,6.044667,7.950044
data/61095807-08cc-4b6a-aab4-6e1a2e558135.wav,5.258723,7.949836
data/61211a1e-99b8-4079-931a-a32845a5bf1d.wav,5.106777,7.940223
data/6228b2ef-c8c1-4a3a-a57c-d5dbbed6d4a1.wav,4.943377,7.945708
data/62406947-8f41-4790-9128-c792ab0cb6ce.wav,5.486968,7.960070
data/628ac62f-2d6c-4d3f-89c8-f2b207f4cd44.wav,5.849459,7.936393
data/629e3b5b-3829-4583-8e1c-d84825ca08b2.wav,6.097581,7.949538
data/62c0e50b-2bf6-4ecf-85b6-6ebf36e564b5.wav,5.550700,7.931137
data/64030dcb-b007-4f0c-a957-76f5b5372c64.wav,4.719398,7.944643
data/64058005-fd38-44ab-90aa-2b96fbc8bc76.wav,5.084053,7.928658
data/64252bd6-3d67-4e84-a3c9-8186516a8586.wav,5.403270,7.958611
data/643ccec6-2226-4520-a39c-9a859c871a45.wav,5.980401,7.957247
data/64b2e68d-5fb4-4a44-82eb-5734a415e978.wav,5.112280,7.949411
data/64d5c24b-2e31-41ba-afba-5bc85d9b43cc.wav,6.965809,7.952503
data/65251536-2706-40ee-83f4-65bc2a4dd0c9.wav,5.546165,7.964555
data/65426899-7a48-43b4-ba86-8019fcccfdb0.wav,4.668284,7.952809
data/658bf659-6c2e-4af6-b218-36276437742a.wav,5.357482,7.942202
data/662a83b5-33f4-4a49-a861-39a24a0612e6.wav,4.806830,7.952466
data/6631cc7c-af05-450e-880c-f7882760085b.wav,5.003612,7.954928
data/663e167d-03e3-47ae-940b-5862c64e8a09.wav,4.879397,7.948947
data/667b32ec-30bd-4bc2-8ffb-ab3c3a4fa4d1.wav,4.923909,7.968817
data/66811b61-6744-4a77-bfea-4ed03c915224.wav,4.728246,7.951543
data/66b41ae6-05d6-4758-8646-1fc3e4face3e.wav,4.765780,7.950531
data/67c25d1f-b0e0-422c-a212-8a769c60d3ea.wav,5.667301,7.954207
data/685524ad-e854-4fa7-ada7-d8a3861231d1.wav,4.803611,7.941871
data/68c55c27-86d1-4ab1-8acb-d7b9d83bc474.wav,6.037718,7.957197
data/690b7f03-ae93-47e4-a361-5b99335cf939.wav,4.535410,7.958359
data/6972b2fe-99a9-4a98-a746-d066515b8e9e.wav,4.965058,7.952028
data/69913125-382c-47d3-b5fa-ccb015f1a20a.wav,5.609949,7.950829
data/69b06303-d4fe-4768-b532-9edf3f1956dc.wav,4.340838,7.973455
data/69d15af6-c453-47f6-bb34-b3af39630ff5.wav,4.770249,7.952431
data/6a018865-7f65-4890-8216-cc50de8a588b.wav,5.976663,7.953502
data/6a8f6a6e-48ce-4e1f-a22e-8237c4123323.wav,4.181340,7.946181
data/6ac7e280-8705-4b5b-9cee-ae076d052c1c.wav,5.735451,7.947882
data/6b3280a8-ef75-4bfc-b545-870dec21a776.wav,5.229511,7.948717
data/6c1d183e-922f-4d75-8467-c464bdf3d21d.wav,6.212599,7.978128
data/6c6c6720-bd7c-4f0d-b6a5-2e0aef1c4a45.wav,4.549854,7.948490
data/6c7b12ed-6f6a-43ac-b7bf-08eb9bddef30.wav,4.179734,7.959094
data/6ce74c98-7bd8-4469-8866-63d846be6357.wav,5.858948,7.949951
data/6dc3a8b6-961d-439b-a763-21c1a9998af3.wav,4.988306,7.951790
data/6df93e0a-9710-4099-9346-584c1e0ba191.wav,4.622028,7.944149
data/6e91dd23-2f15-48e2-b5d1-1d72ee8d1f3c.wav,5.049638,7.944698
data/6ea9f572-2612-4be6-981a-757b4c6f3af6.wav,5.094019,7.961002
data/6ec68994-64af-450b-ab97-6ec627e26292.wav,5.893312,7.949253
data/6f01ecb2-f5a3-4b6e-b171-fdab2b269aa6.wav,4.983586,7.946410
data/6f0ff573-07d0-4999-ba15-e6e8c40feba5.wav,4.845021,7.956575
data/6f105479-6981-4ab9-a41b-a9f6cb46fee3.wav,4.569087,7.951744
data/6f27b7c0-b35e-4d69-9534-607829224153.wav,5.691650,7.941851
data/6f3f218f-5bbf-4173-a9c7-388e8c101d8e.wav,5.495517,7.949637
data/6f56ff2c-3ce6-4b5b-835f-681fbc0a16f3.wav,5.848386,7.944458
data/6fa836a3-a161-4ba6-8b88-08e5c6b466e2.wav,4.938593,7.953650
data/6fb6e630-0bc6-4adf-9217-ec8b48123552.wav,4.827956,7.953523
data/7008d9c8-6868-47eb-9935-3cf6885cdb1d.wav,4.812352,7.947953
data/70273408-6898-4ce0-891a-d6fa78db2d1d.wav,4.609480,7.936264
data/7046ebd2-f362-4fff-a3f8-5e158dfbf698.wav,4.523010,7.937761
data/710d95cc-aa2e-40e7-9035-bbf80089105b.wav,6.008282,7.951780
data/7129eff4-1c85-43cb-a926-78dcbf3437e2.wav,5.061257,7.942121
data/71767ef9-97a4-4752-908b-f649d08f6973.wav,6.574737,7.951383
data/72442cc8-c342-4339-b933-7d2ca5cc68b9.wav,4.076709,7.962131
data/72911a4e-dd47-4065-a940-8dfee619066c.wav,6.036201,7.951496
data/733aa94c-4ed1-432c-8f9d-f0bbf4569c78.wav,6.546622,7.936164
data/741e1978-11fb-4f4a-bf25-c43c239c226c.wav,6.304137,7.958872
data/7434e3e9-74dd-4dc6-a586-4d38280caca6.wav,5.201553,7.940429
data/74570b9d-d470-43ca-9771-5255adcfc8f4.wav,4.945688,7.962465
data/746a0398-8607-42ea-930a-761fd8b3fcf6.wav,4.754318,7.937652
data/74845371-43e3-4473-ae04-b3a7fe95648e.wav,5.606358,7.939125
data/74c408e1-661a-45dd-a3fd-c4f808bea70d.wav,5.464089,7.953580
data/751d7d4b-95b1-45d6-9c95-a145c8c8d13a.wav,4.275803,7.941708
data/759b65fe-ad0c-43c7-a1a9-9feeeba38347.wav,5.319986,7.961498
data/760ba446-aae7-4136-922c-9351c97504b8.wav,5.727474,7.955296
data/7662bc78-07d5-4b34-9b6a-dd0aa56e9428.wav,5.090610,7.956516
data/7682ac5c-1306-456e-b144-70b77b1cd415.wav,5.004172,7.964236
data/76c468f6-b757-42c1-8768-f132f9eff939.wav,5.325831,7.956869
data/773e20b9-ea85-4a99-8af8-f13cbcbf0914.wav,5.619472,7.938662
data/778cb5c5-b503-483b-a635-6cde49e0c257.wav,6.473839,7.969736
data/781f7cae-3bce-4697-9bf9-989a6a827b5e.wav,4.687617,7.967142
data/78c92173-339a-4da3-9631-08580b776f4a.wav,5.548822,7.958755
data/7903a17f-d3a6-4af0-a36c-5c51c2cb70dd.wav,5.651639,7.928763
data/7925f46f-51c3-482d-8537-e3b2e7ddd85e.wav,7.287241,7.967558
data/799981ff-4d6b-4e7c-a375-a9b25310cf40.wav,6.081384,7.945374
data/799e7b1b-7c1d-4c67-a115-6551ade2cdaf.wav,5.315442,7.946447
data/79c04d9b-f39c-42ed-877f-e78d9986105e.wav,4.458601,7.956530
data/7a24bf6a-5bf3-47d5-8bef-81cc9bd4d6ff.wav,5.721500,7.934155
data/7ae7cda8-d030-4ceb-9a6a-ad5e1222ccd8.wav,6.146913,7.942930
data/7b1fa2de-2025-48ab-ac4d-4640d478c475.wav,5.726168,7.957392
data/7b95b0c0-9610-422f-835c-8c9f972f7462.wav,5.694049,7.945329
data/7bcd4cdc-36dd-4847-b946-164c9bebf3b2.wav,4.252419,7.958963
data/7c12e85e-e5e9-49f5-82a6-e024d9ef1374.wav,5.411916,7.924622
data/7c27abad-0bd5-47d5-8d61-c0716d4cc87d.wav,5.182942,7.954509
data/7c808071-6984-4421-b073-a515000f58a1.wav,4.421993,7.932384
data/7c993322-c1bb-49b2-a676-f6589d976ec0.wav,5.345635,7.954110
data/7cbcc072-f8f0-460a-95d4-0e191dfa2545.wav,4.940439,7.940907
data/7cdd94af-8532-4a4d-9b14-3a9a7e986932.wav,4.779957,7.952400
data/7d2e10a6-31b6-4d70-bfe3-d2627f1352e4.wav,4.933589,7.953155
data/7d95d4cc-360b-4e1c-a775-63b9e45aa0bc.wav,5.509124,7.919350
data/7e253ce7-21d1-4bee-b243-15000f8933b5.wav,4.767305,7.948500
data/7e872649-2464-42ab-b751-af26a9429998.wav,5.846100,7.949869
data/7f358ab2-6356-4a0e-a4ca-127a43e0ded5.wav,4.346222,7.949306
data/7fa8fc6c-a731-4903-8273-efe57067cf3a.wav,4.846561,7.953766
data/7fda5713-5f9e-4189-8aef-a284cf129c27.wav,5.457427,7.945031
data/801e7cc4-db29-46e7-b866-b3e9b9cedb12.wav,5.774431,7.946322
data/803d9d3f-d4da-43c1-b4dd-b9bc17d51b3e.wav,5.798346,7.945295
data/80bdcba6-cae3-4e0b-a36b-a3d62ab5de27.wav,5.978602,7.937998
data/80dae54c-922a-4c99-858d-e03fecd55e7d.wav,6.648516,7.982838
data/80fb272f-19d9-4a53-91a7-9f11098e1ded.wav,5.403353,7.929664
data/80ffe67b-24d9-44f8-b3fc-41c22b55d710.wav,5.322858,7.958910
data/81635566-2449-485d-ac29-dc1117eb9af7.wav,4.918702,7.937803
data/823426af-8eb1-4e97-a7ed-f3c075c5e9d7.wav,5.489538,7.959658
data/82c00bf9-2270-4983-a505-9f7a39d5cdab.wav,5.008361,7.959392
data/82dba97c-c0b2-421b-b689-5c583f4778bb.wav,5.643538,7.947232
data/82e2daa4-66d7-425e-8bf1-bfda440babf4.wav,4.505754,7.956602
data/830fc15c-bccd-4634-9623-df3718c6e26d.wav,4.961644,7.952676
data/832c946a-e7bf-4b06-9020-1f5cf16ffb66.wav,4.669458,7.950827
data/833d25d9-6cb0-46bc-9eb8-2301dd91527a.wav,4.556219,7.947612
data/83b41ade-3f89-4ba4-ab38-655f1d1c8df7.wav,5.105652,7.940536
data/83d33cbd-1fd4-4fcd-b9a0-74d208ab8e97.wav,4.626457,7.953576
data/846510e8-12c3-4b3e-a492-72fc6e067378.wav,4.381001,7.945405
data/84e2a6ed-2740-40c7-8bc8-1f416a335d3b.wav,5.752667,7.942032
data/8559aba4-3f0b-45e3-add2-fcda2f9d586b.wav,5.167762,7.965511
data/85a4c4d4-ebe4-449a-a7d1-572da07a3631.wav,4.695827,7.953062
data/85c7805b-4884-4880-9fac-bed80f2fd142.wav,4.290078,7.940902
data/85d726b5-89b8-4e59-8e9c-e1a2ca308d71.wav,4.920353,7.955803
data/85ebe8f7-202a-4357-a296-11204a297936.wav,4.573260,7.926046
data/8652541b-917b-4e04-93a4-fd514916d50e.wav,4.830825,7.949903
data/86f7ee1d-54ea-42da-a2e1-352c3b65d01c.wav,4.987935,7.959763
data/878825f7-20a2-4394-8c75-ff47f3fda9d3.wav,4.345257,7.944886
data/87a15832-9532-48a9-8b87-0c7ec8bf2d6a.wav,5.361303,7.945567
data/8895b3c3-6934-442a-ba91-e4c0201c45a2.wav,5.300579,7.942133
data/88a7a16c-7c5b-46e9-aaef-8692a580dd6b.wav,4.744704,7.947370
data/89643052-2534-4c1d-9eee-f55867bedee7.wav,5.191240,7.953043
data/8a16c0c6-77e3-4d09-b462-6650c5ba270b.wav,6.366541,7.973981
data/8b243863-b6f8-43d1-bdc9-05924e82e152.wav,4.826863,7.951239
data/8b4c8568-4839-4096-812b-73d2ba6e5b64.wav,5.282351,7.957905
data/8b694768-831c-430f-a32a-80acf9d7baf6.wav,4.499975,7.952117
data/8be1e5ac-9cab-472f-a0d5-f66849b7ec5e.wav,4.663060,7.952973
data/8c3841db-777f-4fae-8cdc-6b60bfbe27bb.wav,5.046623,7.941876
data/8c46512e-54de-4e6c-a40f-1b23e52b796d.wav,4.539160,7.952945
data/8c9479ae-f1cc-4a1d-9692-0f358826c31c.wav,5.684254,7.946683
data/8d43294a-e0fa-44be-98af-5f64943582b4.wav,5.828287,7.947131
data/8d4d532f-7d52-435f-aa91-f7ef8b5ffa80.wav,4.967064,7.950061
data/8dd556bf-c9a1-420b-8996-a657e9fc7c92.wav,5.325847,7.954481
data/8dd8051b-94d0-4c73-9cf4-3447cbb0755d.wav,6.446178,7.955461
data/8df88da0-50c0-40c2-8e9f-46ae1685653e.wav,4.777111,7.953763
data/8e664a04-817f-44ec-9569-bbcb5a173b8c.wav,5.619204,7.947335
data/8e8e10f3-37b4-493b-994b-5d44048dc2b6.wav,5.223027,7.955098
data/8ed452c0-18e6-4d92-bd99-ba98bbda443f.wav,5.992827,7.934920
data/8ee15ea8-4b91-491b-8a92-8135952e76d7.wav,5.955004,7.931515
data/8f01091f-f602-4391-a3de-a59bcf4e5847.wav,5.617227,7.943844
data/8f2d6a00-8a24-4ab1-af57-56cf676566ed.wav,5.144734,7.962774
data/90b1352d-e3e0-460d-885b-73ddf5fb27e1.wav,5.040445,7.944780
data/9104d161-bf37-4164-af00-9af711a7500c.wav,5.687543,7.933204
data/9123d8d8-0094-4896-a17a-27749073eb3a.wav,5.755855,7.965822
data/91b850dc-5923-44d4-9f9a-051fc87cec00.wav,5.298972,7.952246
data/91efca4b-4929-4404-96ef-0a0b165d0ca5.wav,4.377714,7.952582
data/925d2ac5-270b-4470-8950-88cb6b08fcf9.wav,5.848350,7.950541
data/925d372a-5f9e-4932-bc7a-da7d573a16f1.wav,5.070139,7.957538
data/92f28048-4596-4bd9-9bb9-6de0558c1d9d.wav,5.353402,7.951326
data/92f3b248-d705-41d1-b46c-70f67bd71ae5.wav,6.084012,7.951126
data/930e4b17-6ecb-419f-8e14-65c547424eaf.wav,5.577193,7.943814
data/9397fd43-e0df-4c75-b27e-04c3ed2f0fb8.wav,4.314823,7.939888
data/93b368d8-e5e0-4f7d-a68b-f4127b39c36b.wav,4.383111,7.943144
data/93dd0ad9-64be-4f7c-84e7-e189af478dab.wav,4.074565,7.940274
data/9496c16e-a591-4a78-870f-744822a847e6.wav,4.489652,7.941598
data/94c353ea-3f41-427c-bb3e-2f119e50bb6f.wav,5.304219,7.952959
data/94c53803-f616-4c8e-b144-06d54ebfbfd1.wav,5.067429,7.956322
data/957551b0-1365-4536-8aba-90d35eefd5ee.wav,4.831459,7.954208
data/961ddc38-e5a4-416e-bf77-19966bdabfbc.wav,6.262359,7.948731
data/970e1a07-8c67-49a4-b437-33ea735dd5eb.wav,5.029216,7.961581
data/97752980-bbfd-46cb-9d7a-6f673aa9341a.wav,4.825591,7.955814
data/9867d779-5da9-4c46-94b9-bf29baf269d9.wav,4.873960,7.942481
data/98760cd0-f981-4eae-933e-9844c7182d92.wav,4.881454,7.959374
data/9876c7af-f8a0-4b8c-a80d-b2b7aa9dcd4b.wav,3.991767,7.944152
data/98f08414-7707-4248-bef5-d8df6ceaccdb.wav,6.225961,7.946325
data/992741c5-8f08-4757-8e3f-01d3f1ca339d.wav,5.342938,7.940635
data/9948c725-70ba-4a73-a7f3-dac69ac76b76.wav,4.356471,7.950241
data/998d4e1e-64c6-4e50-8c40-195ebe6951f4.wav,5.048151,7.955565
data/999d0f90-82a1-4185-85e6-33c7014b585a.wav,4.540014,7.947869
data/99b5a310-c47c-498d-8d61-c8545ab15fac.wav,5.243208,7.928909
data/99fac516-3ece-48a6-872d-162348c89a86.wav,5.949564,7.946011
data/9a2c6ac3-0bec-4ce1-b4c9-c6d80bd9f521.wav,6.112423,7.957215
data/9a92f7a6-c5ea-4416-a61e-a330fc25a887.wav,4.299619,7.956860
data/9b06f0d3-83f7-4fd0-9f03-34e0c10560a4.wav,4.762390,7.946403
data/9b7e86af-90c1-4297-aca8-2c8c7ea115f2.wav,4.905532,7.950717
data/9cfb418c-7449-49a2-a171-b4373b4eba03.wav,5.521015,7.931255
data/9d3e4007-4faf-4eb7-9bfd-edb27251734d.wav,4.307340,7.950585
data/9d3e8196-799c-4404-8d59-af61101299f5.wav,5.678028,7.950417
data/9dd6dd15-40a5-46c4-9b0c-df4ec68abeb8.wav,4.556287,7.953186
data/9e1b29d5-2b15-4f1c-856e-c223b3b3066c.wav,5.647463,7.955045
data/9f28ad19-763a-4d25-b9fe-72d86b9d7fb6.wav,4.632892,7.947819
data/9f3b07aa-1510-4be6-b7cd-dee1134f66c1.wav,4.288608,7.943971
data/9f3c31c0-ab04-4074-bf15-8abdb77a7fb7.wav,5.078392,7.950356
data/9f482d55-d8ad-4c9b-b73b-1c66e061d7ab.wav,4.415932,7.949946
data/9f6e7e9b-c9c1-411c-bda9-6aa4d454b759.wav,5.590361,7.944664
data/9f81ada1-082b-4223-88f8-4e3bc69ee9a9.wav,5.682415,7.936476
data/9f91979d-e5d6-4408-be0b-c99d6089292f.wav,5.185541,7.977411
data/9fd1f437-3f26-42a0-be8f-c930d0ee601a.wav,5.024828,7.956688
data/9ff08c78-1f8b-43cb-94af-12bdd652b6a0.wav,5.453158,7.956986
data/a0424451-3231-4fda-9c65-5ef675c03b0c.wav,6.757039,7.963998
data/a05767ff-af49-4cae-852e-c463a09a85c8.wav,4.317130,7.935278
data/a0a52a27-69b6-4783-b0b9-6636d9626045.wav,4.967749,7.957842
data/a2146e3f-ec0d-44d9-bb0b-9ce727870698.wav,5.142196,7.970206
data/a25eb39c-58ea-4466-8c47-1ec152ecee4e.wav,5.173538,7.945707
data/a3aded87-d753-4a84-b9da-64fc83114f4b.wav,5.124718,7.952584
data/a41a9ed4-15aa-4ca7-8bcb-b5a248a44d20.wav,4.978714,7.952607
data/a4e9a288-6308-483b-b6b8-e242de021272.wav,5.367879,7.941696
data/a521dc4c-ec2e-4613-837b-b35b994aad56.wav,5.293071,7.947973
data/a5586c15-fe4a-4126-ac5c-fffabc20bd74.wav,5.035827,7.945798
data/a6191c61-444b-4a7b-b5bc-34ba54721a5e.wav,7.761315,7.954278
data/a62f6dfd-09a5-48cb-98be-033b79d7e67c.wav,4.796241,7.950234
data/a68ef1cb-ddde-4e0c-ae91-11573bdb3701.wav,5.976933,7.944422
data/a71fe9f4-1f39-4a86-be66-afc135ebfed5.wav,5.252843,7.952965
data/a733c939-5c3b-479e-8341-0862c3984aa3.wav,5.724088,7.932908
data/a7849205-2474-4a8d-9c6b-77181ff6e635.wav,6.111275,7.953500
data/a7e6978d-9259-4b52-bfc5-d881033f0d89.wav,6.391828,7.954136
data/a811e693-aa09-4f28-951a-a64007d87baf.wav,5.580642,7.958647
data/a82b86d8-e8d9-42bc-b450-baf6e2d7e1eb.wav,4.110149,7.949717
data/a82d17e3-5dea-456a-9fcc-f817dedebbc5.wav,5.246480,7.946410
data/a8b3d81c-6b11-4ccd-ba46-49583be0f567.wav,5.353047,7.942186
data/a8c92d53-2167-4bf8-ab8c-1a9bc9c30eaf.wav,5.221393,7.921169
data/a90f5eca-fdbe-4a21-94bd-c4c7f32fe365.wav,4.276575,7.953412
data/aa3e9623-8662-4667-8157-e1dfcc680513.wav,5.578208,7.964653
data/aaafe57f-3851-405e-88d1-89ad577086f3.wav,4.744146,7.949847
data/ab06a9be-4fd4-4314-8b71-244f4dc96a7f.wav,5.383600,7.936224
data/ab910051-02db-4931-8eae-dd1306f1cf0d.wav,4.777527,7.942613
data/abdcefa3-12a1-4e7e-97b3-e2d9e60279be.wav,5.481668,7.929888
data/abe4ee6f-f523-4f78-9098-b5f8eb4a8117.wav,4.863082,7.950325
data/ac29ba18-11d5-44ad-a840-6b71721e359e.wav,4.627207,7.952290
data/ac61ae46-6e4b-4e41-82e6-8bbb61a2b2c7.wav,5.015211,7.948642
data/acb24204-d3e1-4c59-9fe5-6b893491a189.wav,5.427787,7.943710
data/acbe8f00-dbe6-4353-a657-60adbe50a996.wav,5.635025,7.948935
data/ad2a71e0-75c7-49f5-8122-fb7270e91158.wav,5.359846,7.943880
data/ad312ccb-dd19-44ad-bd9b-e4df378ce355.wav,4.528757,7.948337
data/ad87a53f-4b27-4036-960d-5cb3b578439d.wav,5.134971,7.948529
data/ae03cfaa-2441-45f4-8b79-b85b5238274f.wav,5.315195,7.942929
data/ae8c94f2-251f-4615-a78a-c4b498d0a06c.wav,4.694506,7.948773
data/aeed8d2c-e2bf-4618-81b6-6d744db135b4.wav,4.979767,7.959757
data/aefab917-4a68-4d1a-ac3d-0c43da4270e6.wav,5.323946,7.955839
data/af2f8db9-b6aa-48ab-addb-572a592b3e5e.wav,5.506548,7.951660
data/af6d5d93-2d40-4efb-a9cf-9556cb4ece17.wav,5.618112,7.947102
data/af7ffc61-3ffc-4c22-b7b8-1bcf17d516ae.wav,5.391647,7.954765
data/b00473d5-2043-4af7-ac66-d44917da73d2.wav,5.696260,7.943626
data/b033937f-7e13-4a08-ae12-b83eb8e380e9.wav,5.434742,7.934548
data/b0ad441a-6a1f-4a23-8847-246620ac1b88.wav,6.877244,7.983854
data/b0b12199-956f-4089-87a0-b89fef92d7d8.wav,5.712418,7.941868
data/b126d03b-63a3-4a24-b796-c715649994eb.wav,5.596176,7.923175
data/b18c2dbc-4ddb-42fe-9f6d-1a945ff00426.wav,5.444156,7.934417
data/b212f1f3-ce69-4104-b397-e26ba470612b.wav,5.125958,7.939417
data/b2d2d35b-bac6-48ae-8c45-884cbef0f6b9.wav,5.304567,7.925781
data/b31e55c6-9d09-4074-8efb-56d898aa198d.wav,4.836014,7.945703
data/b37571bb-bc46-436b-b6f5-f579260d73e0.wav,5.125375,7.956660
data/b474c204-4ac7-4976-9940-9733868a6d13.wav,5.671490,7.959173
data/b4a354ca-8194-4459-b711-0fd099b117e8.wav,4.758182,7.948591
data/b4bd72dc-889a-44fc-a5ee-804559002645.wav,5.064880,7.934365
data/b516f828-6299-4be9-9a95-908b81095472.wav,4.388772,7.957778
data/b52b1551-e576-4b1f-959c-556041d06f5b.wav,5.187038,7.946238
data/b552734f-6d92-4b26-a17b-ddddd456ab94.wav,5.146345,7.952401
data/b5b8714f-6a0c-4ed0-a3bf-a95e2f48c0ee.wav,5.548437,7.973561
data/b64dd1e7-bec9-406e-909f-477da078965d.wav,5.568552,7.953257
data/b6bc60bf-686f-4103-a3ed-aaf2e888ee5a.wav,5.563884,7.924950
data/b7684435-eaf2-43ee-8912-2769e8d117d2.wav,4.734330,7.955738
data/b800deb5-00a6-4ef2-b99a-42359684367a.wav,5.389918,7.955440
data/b876af63-bbdc-48b2-bb75-6acfe53f911b.wav,5.422412,7.927302
data/b8b26cb7-1bf1-4156-a51d-7994525690f2.wav,5.251714,7.958341
data/b9a1fa23-dc23-45dc-a3c8-aff74ec96692.wav,4.438846,7.944298
data/b9d3fa13-5a79-4214-8bbe-8dea7a5ad8e7.wav,4.563339,7.954062
data/b9ddee46-ad84-44bc-8fc0-a84ceff1d27d.wav,5.432938,7.944086
data/ba156869-b73d-4263-9879-c6f8799cc975.wav,4.816933,7.944207
data/baf70ec4-328d-43c8-84a3-402094fff54a.wav,5.221114,7.944663
data/bb90f5f0-d305-46e1-8c1d-d017d728883a.wav,7.482214,7.941850
data/bbad0173-3dcc-4567-ba3d-9ece2be70762.wav,4.661373,7.962869
data/bbd01ca3-48df-41b9-a54f-a4d666db307e.wav,4.518418,7.956222
data/bc184a03-702d-4e20-a84f-947be81448f7.wav,5.806736,7.952883
data/bc9115d8-2363-4159-ae41-295a9129a9aa.wav,5.240679,7.950073
data/bcc36cfb-115f-40a6-97c3-5eb67b0e1198.wav,4.929953,7.953720
data/bd009dca-f25e-49bd-852f-da52c2139281.wav,5.349417,7.932805
data/bdbf74d4-fdfb-4d7a-b7f1-3bdcea62a8fc.wav,4.927903,7.927547
data/bdddb6a7-b2c6-4c67-8417-a5bbda5a1249.wav,5.002650,7.944014
data/be7f6880-89c4-4203-b8a6-fb792bbf2557.wav,5.292046,7.951901
data/be8571fe-8f36-4eb2-ab23-e374dea1133d.wav,4.364841,7.941049
data/bf2399d4-665b-4edc-84eb-71f9063ffad4.wav,4.337464,7.956929
data/bf2571e6-afb8-4ab7-a609-34214c0c7310.wav,5.010393,7.947664
data/bf4510d0-4b67-47d9-af8d-0f4c81a532e6.wav,5.659868,7.956483
data/bf5255dc-1ed9-49d3-8ecf-e508c4b20731.wav,4.950242,7.932515
data/c01dec29-9511-443a-8135-9ec070806211.wav,5.254031,7.948811
data/c07fa32b-f809-4f58-96dd-4e6089db94c6.wav,4.943283,7.949011
data/c0802070-70d2-4475-b808-66cfd408a22a.wav,6.074075,7.969593
data/c117c8a9-217f-4368-9919-c3aa83733a17.wav,4.815188,7.944410
data/c157a352-8670-4930-9911-7c88ac1c9049.wav,5.533115,7.946253
data/c1baf8e3-e2bc-4ecd-9a11-15004e6c45cf.wav,4.528714,7.935278
data/c1d8e934-fc5c-4d2d-9ba2-47b9fe395fee.wav,4.804366,7.943941
data/c34dae3b-a6cf-4fb0-8d1f-460d42b2ba7a.wav,5.599365,7.942071
data/c438ff81-e776-4dd6-9df0-03c84a9ed3c6.wav,5.421316,7.952354
data/c4f4e43d-a873-4629-a65b-448a031c6df2.wav,4.592530,7.946899
data/c50256f6-cffc-4e1d-977c-473c32bc52bf.wav,6.073473,7.949461
data/c64a9a77-0a86-4108-9223-985d80602b22.wav,5.163987,7.960096
data/c68e8c75-7434-45e2-a076-8fc7fe50a22b.wav,5.028445,7.949753
data/c7938f98-b1ad-40c6-a65c-c7920df15857.wav,4.136384,7.945605
data/c797ad50-5c6b-45dd-990d-3bf424d460be.wav,5.009833,7.941033
data/c88a7cf8-012b-4f2d-bafe-19f638b72ad1.wav,5.576810,7.955938
data/c88d7db7-ecd2-4993-bb50-f1902af6e021.wav,5.547383,7.958604
data/c9139beb-ef5c-4089-9ddd-6abd7fd0972b.wav,4.962018,7.945174
data/c94a64a6-8631-4e8a-a42e-6754a62df32b.wav,6.535216,7.948718
data/c99bab57-3cb4-49ca-9042-03fd33a0aec9.wav,6.236055,7.955155
data/ca1df83a-d8c2-4c6f-b28b-d4b70b60f469.wav,4.848666,7.965436
data/ca2a0773-c1ee-462a-a124-7be7fccc9101.wav,5.815281,7.958508
data/ca8167fc-fe67-42d5-82b6-393bf95f292a.wav,5.984164,7.956068
data/cb2fb833-e2e0-4321-a197-1434e94003bb.wav,5.255304,7.949962
data/cbf01787-9e7c-4705-930b-53769a9d92b0.wav,4.788926,7.940634
data/cc58a08c-5d9a-4f33-a19e-b2bd50ce56b5.wav,5.870496,7.944655
data/cca6d725-2c53-4524-b98a-486268cf4a1c.wav,4.959363,7.958416
data/cd19eeae-bf70-4492-a206-0b2eaeb4c1d2.wav,6.222360,7.941478
data/cd49e9f1-12fe-4cbd-b955-8a2145d1dec6.wav,5.489767,7.943316
data/cdd0bd51-2684-44db-ad8d-f9bf37367292.wav,5.075841,7.956675
data/cdd3ad00-b819-4a86-905a-ec7541a65b56.wav,5.103780,7.953850
data/ce419c78-9616-49fa-87e0-b64148aa12a6.wav,4.797642,7.942585
data/ce441d17-f005-413d-9e30-e631df26e53c.wav,4.413919,7.954029
data/ce96a016-f36c-446c-8ab0-cbd10b74684a.wav,4.935474,7.948868
data/ceaa4976-a8b5-4736-88f1-17234842235c.wav,5.443958,7.950290
data/cec06996-07de-4f7e-9914-d54bd547232b.wav,4.642502,7.948619
data/cf0b1fe7-c4d8-49dd-be40-2d2abbb5c1e0.wav,6.234805,7.953811
data/cf3f227f-3354-49a3-b78f-b29dd60b2961.wav,5.359382,7.940978
data/cff25bde-af14-4b61-a9d0-b1a335d4e2b8.wav,4.219302,7.947326
data/d098b9d3-b971-4f4b-be92-6c2622e75ce4.wav,5.935700,7.956594
data/d0e66872-fb66-41a3-a589-a374dfe01161.wav,4.525334,7.957599
data/d118281d-126f-4c4c-8fbb-6277ddf0aa4e.wav,5.175960,7.965135
data/d145ea64-c55c-4dda-b4eb-82120b3b8703.wav,5.393001,7.943911
data/d1768885-813b-42b4-9b90-150a8b47e1db.wav,4.728013,7.954141
data/d1a71bce-a021-43c0-8177-e3491a91c774.wav,4.955692,7.951108
data/d21a5147-a3e6-45bd-842c-6bee89552504.wav,5.248476,7.960008
data/d24add11-a9d6-4583-9f03-eedab99eaa7a.wav,5.413964,7.952818
data/d262b7b5-5b79-4743-95a8-cefe85c06eab.wav,5.538068,7.942635
data/d2fae317-4f64-4ee0-ba3b-ea2ff966ca50.wav,4.301824,7.948369
data/d30c7d18-03e5-4851-a0ea-493d0ad5d877.wav,5.074064,7.944475
data/d3a3ed97-626d-49c4-a253-b6e4ed73f260.wav,4.610788,7.949628
data/d3f365c9-b89d-4834-86b6-e9aa34e85e0c.wav,4.701637,7.944823
data/d405f220-d24b-4332-9023-382c149531bd.wav,5.678640,7.954448
data/d40b3d0a-21fd-42a8-a0bd-a38a431e9401.wav,5.080419,7.949185
data/d449b8dc-abf8-426a-af77-8ad6b5d951be.wav,4.103081,7.947134
data/d46140f2-956a-44cf-b95c-f5f0677313ae.wav,5.318083,7.913549
data/d4ab6765-2ada-45f7-9643-bdaa24778760.wav,4.594783,7.944447
data/d4aea7c5-1d06-4cba-a103-08eded565e11.wav,4.590555,7.962665
data/d4de6a31-36bf-41b5-bd36-3495c78f25b1.wav,5.578658,7.950249
data/d5080a60-fd1c-4e4b-82ba-17efe58d4c81.wav,5.087978,7.952764
data/d543cebf-3aa4-4f81-810c-0869a84b9899.wav,4.386574,7.950343
data/d5e6ffdb-4e40-4904-8e5c-2cbd136e1aa2.wav,4.101770,7.950268
data/d6228ff4-61a4-4b70-af06-1ebc8d209aba.wav,4.577230,7.958093
data/d637914e-b564-4f17-9df9-79b66125e0e3.wav,5.527602,7.947492
data/d657634f-4d93-410c-8a95-52e2da100a72.wav,6.471735,7.945460
data/d66445a3-fc1f-479f-a4af-122b78080f76.wav,5.636687,7.961351
data/d68a7404-d436-4b22-b522-93ff403c6ece.wav,4.900543,7.942409
data/d68cbb41-c533-425c-9dc1-5a3f1cdc63e4.wav,5.171815,7.951555
data/d6a746c8-d5dd-491b-b6ef-76c783fd02e0.wav,4.506107,7.947479
data/d6bc40d5-32ba-4c28-bcd5-3542ff9445b4.wav,4.571271,7.959926
data/d6c94651-3e56-4126-8a25-c76b0742203c.wav,4.834035,7.966189
data/d6df50ca-53b3-4351-840c-cd654a81cdea.wav,5.177413,7.954180
data/d7a4237e-b910-4961-a038-9e54cb0acb8b.wav,4.919820,7.963962
data/d7bbee10-0906-45dc-acb0-4373d9450054.wav,4.873437,7.953015
data/d7cedfb3-8eba-4b53-b453-7c9e22584dec.wav,4.891110,7.954386
data/d810d805-6924-4c5d-a38c-179214bd1e6a.wav,5.120323,7.947724
data/d8149feb-7159-4c5a-8bc2-881fbb185b97.wav,5.112242,7.958931
data/d850634a-220c-4f1f-a4b2-2f3c494b714c.wav,5.245724,7.945255
data/d94b22d0-1a8b-40b0-ac37-0995d884da0d.wav,4.635412,7.957587
data/d9a6fb80-d455-4efc-b4ca-7c3c02edac75.wav,4.470230,7.957422
data/da6c3a3b-db48-4c13-884c-3f33f5d2b964.wav,4.566425,7.954271
data/daa68cb2-b5bd-42e2-a3a2-3bde258a3406.wav,7.444800,7.959259
data/daab98b7-f874-4a9b-9a82-1458d2e1386b.wav,4.332050,7.942789
data/dab03e8b-a025-43bd-af70-51b221ff41c0.wav,5.160467,7.940391
data/db1a562f-d9ca-433a-9375-4203ee149d3e.wav,7.666555,7.979448
data/db4ab826-4c10-4dac-8404-f7925e2afbb2.wav,5.205247,7.966120
data/db4e15f9-8026-49bc-a868-87f4c847d87d.wav,5.276847,7.930000
data/dcc8d8de-081e-4d2a-a713-875a3e794de3.wav,5.092354,7.963353
data/dd615d4f-50d1-4f4a-985b-109765a6c673.wav,4.184944,7.957237
data/ddc6ec5c-8c6c-41ab-8bdb-e54930f84b0a.wav,4.459221,7.950338
data/ddc882cb-a7f8-4080-91d5-c7a9157de158.wav,6.115202,7.973735
data/ddedbafa-5bc9-4a93-8a46-ff8eeddaa65c.wav,5.375612,7.952640
data/ddfc0897-f917-47b6-b998-61b49f1eec6a.wav,4.417114,7.953302
data/de69f7b5-f9e2-4ef7-a5e7-d3a4f9aabce0.wav,4.350074,7.953664
data/de70c8b0-f434-4797-9a04-813702e9bfe9.wav,5.191128,7.959670
data/deaec89a-aa07-4f8a-a017-89443c488ef0.wav,5.652890,7.925067
data/debdca70-52be-4fcb-9bfe-41cf69d2bc04.wav,5.769822,7.948789
data/def6eca8-d782-4fd2-9ebe-2e523dc0de7c.wav,5.134194,7.952454
data/df31b6c3-714a-4c1d-8c11-1c68838540b0.wav,5.201675,7.957199
data/df3cd597-4c4f-43ab-86ac-411a7542724d.wav,5.445085,7.950370
data/dfbf78d9-16c4-46a4-9b10-460621f5f7e5.wav,4.870755,7.942562
data/dfe7bdab-2972-4ce6-a544-31342e1461ee.wav,5.115167,7.952237
data/e03b7ff5-569a-4b3f-a7db-f4a7188718fc.wav,6.066101,7.924733
data/e1ef09f7-f8c6-4b73-8c5c-e39fc26fce4e.wav,4.680240,7.957456
data/e2346160-fb7c-4dbc-a6ed-5835fd1b098c.wav,5.135516,7.966764
data/e2392314-b31d-45f5-8198-835cb1f97746.wav,5.268885,7.949281
data/e2445f04-1c49-4e5c-aa23-c67c6439f14d.wav,4.688781,7.941181
data/e32ab322-a34e-4348-ac9a-005861378f5d.wav,4.481820,7.951125
data/e350d041-d471-4347-aa47-9c2573daeb0f.wav,4.727280,7.944153
data/e364ea05-d2b7-488c-a87c-3aaebff65416.wav,5.132169,7.945444
data/e4409881-5c55-40aa-9849-3f29c1484880.wav,4.460904,7.938517
data/e48befb9-a32a-4bcc-af7a-2cd62d76888c.wav,5.149963,7.942171
data/e4903585-b2b2-422f-a028-c9f5c2b31f16.wav,5.137009,7.968901
data/e4fe5ed6-60ce-402f-b799-185782f11bf4.wav,4.299174,7.953834
data/e5b9863d-75fa-464c-8774-e733b769639f.wav,4.877934,7.958668
data/e7243599-0fea-4442-9724-17d4dddb375f.wav,5.029139,7.952776
data/e79302e4-7e71-4769-a927-2e6976442f55.wav,4.518123,7.942823
data/e7ac9464-2da1-4037-b5cf-dfa58f891262.wav,5.607638,7.942188
data/e9414ff3-ca93-45f9-a360-84cfdb414272.wav,4.835876,7.951706
data/e97a68d2-5d2a-471f-bd22-a3fb8537c32d.wav,5.319129,7.963352
data/e9ceeddd-b7e3-4d0f-a770-33886b99757b.wav,5.377696,7.949561
data/e9fc3234-82d1-47a4-8a51-a5497769f14b.wav,6.612341,7.945836
data/ea1348d5-fb1f-4416-83ca-e229ddc738cb.wav,5.365734,7.952840
data/ea77a0a0-6149-4992-bc7b-eab537a31aef.wav,5.237995,7.950400
data/eae04418-82da-40a0-89ba-ffd44b975295.wav,4.333156,7.952195
data/eb0394bb-612f-4a6a-b3a9-dcf2002750ca.wav,5.123221,7.952639
data/eb349384-55c1-4ab2-9a55-30e2acc86167.wav,5.806459,7.947268
data/ebbff300-a2bb-4b43-bbab-18a17049a09d.wav,6.008681,7.972297
data/ebd7611e-a8c0-4c9a-a810-cd9ad6f75432.wav,5.144281,7.956717
data/ec3e1856-6910-4180-aaa4-6bb5365300a3.wav,5.019179,7.953110
data/ec42a4a9-644b-4612-ace4-87dabff1196d.wav,4.533709,7.949594
data/ec6f4824-6567-4600-a910-547c31f292dd.wav,4.974677,7.944111
data/ed27ab15-7e60-4151-bd2c-380f376b9a75.wav,5.035718,7.950000
data/ed6f33b5-8a75-4b1c-8651-9101eb077176.wav,5.184110,7.958557
data/edaf84eb-3dc4-42f9-a77c-3ea691b66c1e.wav,5.343396,7.921422
data/edce7f7e-2e3e-4ce8-9e22-4fd668b0015f.wav,5.256356,7.951439
data/edd30b02-6f83-44a2-86c7-15df4c83cd0e.wav,4.612664,7.949782
data/eeb713ca-4b07-4895-8824-f2a182cfbc0b.wav,4.607303,7.942943
data/eee9bdc4-317b-43a6-aa96-9cb2e2912bd1.wav,5.455182,7.949621
data/ef575387-3ce3-48fe-9002-4c9432e91503.wav,5.673782,7.947794
data/efa9d79b-c7cc-464f-a499-ed010b6edfe4.wav,5.376238,7.931921
data/efe740cd-f2cc-4244-b17c-9eb8102e583f.wav,5.195471,7.957937
data/eff381aa-1187-4d22-a10f-d59204d1e5cf.wav,4.723930,7.943475
data/f0029013-a7b0-4c83-ab88-e7ff14f7728f.wav,5.452750,7.951428
data/f1461d76-1c5b-4ceb-998a-c81a74ef0317.wav,4.583292,7.950299
data/f1b1fc43-c4b1-403f-a8f3-25e0ec5f0093.wav,4.940496,7.942998
data/f1cd1d8f-bdc2-4a1d-bb5b-3595ec70185d.wav,5.801684,7.951198
data/f309328e-84bd-48ff-a324-230d14e0f928.wav,5.315750,7.951231
data/f30afd56-4ff8-47c3-893f-dfd448035c0f.wav,5.726046,7.939677
data/f41b2956-e346-44c8-b28c-0db5c678d633.wav,4.956799,7.953674
data/f49e8460-52d7-44da-a876-fc9cbc4b3033.wav,4.960727,7.952668
data/f5404fd5-4af5-4fee-b56e-19d3e66cbcc5.wav,5.428139,7.954607
data/f567ddab-9f82-4e03-88b9-2a8af1dbcfde.wav,5.775275,7.955150
data/f5807fdb-98c1-4203-9742-c3a975b77ce6.wav,5.186842,7.955185
data/f5bed109-d390-47d8-ad66-f850d84e9e8f.wav,5.105979,7.955222
data/f654945a-df35-44ed-aa41-47bc44a361a7.wav,5.570392,7.954259
data/f6bbd852-d3aa-49f2-8af5-dc7020910347.wav,5.277223,7.951574
data/f751f663-c9c7-4fd0-a65c-2b6c8d64ed2a.wav,5.439387,7.945938
data/f76bcbb8-2f34-4793-a02b-b73e7003d041.wav,5.085090,7.953358
data/f797ea2b-5b64-41a3-9c56-e994d4cf0674.wav,6.261427,7.960814
data/f7e7bb02-eb0c-4945-a355-15813447c5cb.wav,5.140886,7.957700
data/f7ed21f1-f9be-4940-8203-4516d53f385d.wav,5.345109,7.939248
data/f869926f-bb4b-4420-9ae0-5eab4a714eb0.wav,5.294377,7.945465
data/f882c900-4608-465d-b9db-24a9cdc3b1c0.wav,5.772833,7.980665
data/f8b28d7c-4d7d-4326-984d-4edb95e6412b.wav,4.601126,7.943319
data/f920dc45-1cd5-4dd8-9f34-ed20faaabf71.wav,4.603785,7.942877
data/f96241b4-c32e-4cc3-a522-b42533aa5b99.wav,5.107530,7.951591
data/f9d5e7e0-c804-47e3-9221-77c49c714ccb.wav,5.450205,7.951923
data/fa1f953c-fed1-4d6f-b889-c053a26968dc.wav,6.591520,7.955058
data/fa2c5efb-cc0d-4292-ab99-91d345cf17d9.wav,7.116893,7.954918
data/fa9217f9-54aa-405b-b15f-7ad24b69fe09.wav,5.127695,7.960286
data/fb1c5539-8ccb-462c-aef5-21178d31aab7.wav,5.372798,7.948242
data/fb93325d-52cd-4ea5-a769-9fb09717b4db.wav,4.622151,7.952483
data/fcee4d27-4f44-41f7-a7bd-4fe2bda636b0.wav,5.680392,7.944804
data/fd4a6298-5411-42b9-ab2a-8dbc26258036.wav,5.644344,7.957385
data/fd683360-e024-4c66-ac71-97fbf6989dfc.wav,4.306651,7.948994
data/fd8f60dc-a9bf-48b6-b506-d4a1bdaf3321.wav,5.002249,7.941749
data/fd979802-467f-4efb-8bb1-cd72345fbdb0.wav,4.739874,7.955690
data/fdd21dfb-bb59-4f21-a5a2-016b6c80403d.wav,4.795501,7.955001
data/fe52c559-1454-40d4-ad56-6f5e1d0af2d4.wav,5.831612,7.958395
data/fea48b69-ccde-439e-9e7c-f06c72832c52.wav,4.949676,7.949310
data/feb70e8b-cf42-4c8b-ab9b-121e78998876.wav,4.309417,7.921678
data/fed3722d-a841-4606-a2aa-786347851c43.wav,5.154777,7.954011
data/fefade45-a947-43b3-8b55-578b1c7c74ed.wav,4.486974,7.945212
data/ff07d2c2-51a1-49ec-85ab-80df95461ce5.wav,5.620843,7.949869
data/ff8b34c6-6b6c-4f74-957c-299954a1b247.wav,4.205571,7.955148
data/ff970660-0ffd-461f-93de-379e95cd784a.wav,6.425981,7.953979
data/ffb6837e-be2b-474f-bdd0-3c9cd631f39d.wav,5.421384,7.947224
